A,B,C,R(f),L_inside,L_out_left,L_out_right,Residue_total,Residue_count
2.0,0.5,1.0,3.6425650384724886,2.4271480960702276,4.4205223989702365,4.420522398970239,0.0,0
2.0,0.8181818181818181,1.0,3.637895762811267,2.4697902197613133,4.492419687751188,4.492419687751201,0.0,0
2.0,1.1363636363636362,1.0,3.6360174492944606,2.5253748151698288,4.591153446983134,4.591153446983135,0.0,0
2.0,1.4545454545454546,1.0,3.6425699047669933,2.5999785582494814,4.735301824659516,4.735301824659521,0.0,0
2.0,1.7727272727272727,1.0,3.6738642922020377,2.704401217440839,4.967801532271813,4.967801532271804,0.0,0
2.0,2.090909090909091,1.0,3.788731502570985,2.8603556477365326,5.418559775568115,5.418559775568121,0.0,0
2.0,2.409090909090909,1.0,4.2911510399044435,3.1210845001842813,6.696522499297704,6.696522499297714,0.0,0
2.0,2.727272727272727,1.0,9.38969090050952,3.679426753918045,17.27433995517779,17.274339955177755,0.0,0
2.0,3.0454545454545454,1.0,25.905989945461716,26.65092527362746,345.20930108791305,345.20930108793146,2.131851470960587,4
2.0,3.3636363636363638,1.0,7.239238769374581,91.8252697401942,332.37252635575743,332.372526355735,2.2042228680593663,4
2.0,3.6818181818181817,1.0,6.26324832700214,106.35035988259119,333.0493568053617,333.04935680535306,2.2743864591775775,4
2.0,4.0,1.0,6.228327274281585,110.23579395669584,343.2923010512891,343.29230105128477,2.342527879679625,4
2.909090909090909,0.5,1.0,3.793950212711521,2.6532795988020483,5.033205349129083,5.033205349129089,0.0,0
2.909090909090909,0.8181818181818181,1.0,3.8271246458204606,2.690963052623393,5.149325509843623,5.149325509843626,0.0,0
2.909090909090909,1.1363636363636362,1.0,3.8723138913250224,2.735945686402165,5.297220243682935,5.297220243682942,0.0,0
2.909090909090909,1.4545454545454546,1.0,3.9377445263784767,2.7903472772758464,5.4938373588940195,5.49383735889403,0.0,0
2.909090909090909,1.7727272727272727,1.0,4.040306527878824,2.8572411097186703,5.772064953660033,5.772064953660046,0.0,0
2.909090909090909,2.090909090909091,1.0,4.219117588457145,2.941295093580139,6.20483493108333,6.204834931083338,0.0,0
2.909090909090909,2.409090909090909,1.0,4.578204736493529,3.0500419285078686,6.98185820179929,6.981858201799291,0.0,0
2.909090909090909,2.727272727272727,1.0,5.4374567844994735,3.1966812617731417,8.690908107355359,8.690908107355348,0.0,0
2.909090909090909,3.0454545454545454,1.0,8.16184645235864,3.407279837309386,13.904847426168375,13.904847426168361,0.0,0
2.909090909090909,3.3636363636363638,1.0,49.12378027570426,3.7442572839775927,91.96603605691024,91.96603605691023,0.0,0
2.909090909090909,3.6818181818181817,1.0,381.5884071728222,4.427309995627609,844.7050846459437,844.70508464591,5.100868771216561,4
2.909090909090909,4.0,1.0,50.144160030359146,28.846083060021137,723.2313026053714,723.2313026053606,4.412293060532559,4
3.8181818181818183,0.5,1.0,4.10790883792733,2.7778560542697024,5.70558971791223,5.705589717912223,0.0,0
3.8181818181818183,0.8181818181818181,1.0,4.165365691783156,2.809242819457585,5.8507618300284046,5.850761830028404,0.0,0
3.8181818181818183,1.1363636363636362,1.0,4.238185310687767,2.8451337758991864,6.02910208797878,6.029102087978773,0.0,0
3.8181818181818183,1.4545454545454546,1.0,4.334526614502218,2.8864806163319296,6.255763526867754,6.255763526867761,0.0,0
3.8181818181818183,1.7727272727272727,1.0,4.4691926248233695,2.934536518642132,6.557504483195124,6.557504483195139,0.0,0
3.8181818181818183,2.090909090909091,1.0,4.671191805956138,2.9909925193896734,6.985749874124566,6.98574987412458,0.0,0
3.8181818181818183,2.409090909090909,1.0,5.001909059434286,3.058198725870651,7.648415956241418,7.648415956241384,0.0,0
3.8181818181818183,2.727272727272727,1.0,5.599362519607077,3.1395415847015786,8.78971573906292,8.789715739062906,0.0,0
3.8181818181818183,3.0454545454545454,1.0,6.798720988691329,3.240128753399809,11.014365680900784,11.014365680900772,0.0,0
3.8181818181818183,3.3636363636363638,1.0,9.651990211661643,3.3681362777159918,16.254609192028603,16.254609192028635,0.0,0
3.8181818181818183,3.6818181818181817,1.0,20.953109287105814,3.5377597109675976,37.06353292771202,37.06353292771194,0.0,0
3.8181818181818183,4.0,1.0,1223.9216100375234,3.776751489860308,2311.223882090677,2311.2238820907655,14.257433646452327,4
4.727272727272727,0.5,1.0,4.489196613208082,2.855967895843865,6.410500702726649,6.410500702726643,0.0,0
4.727272727272727,0.8181818181818181,1.0,4.563410670331039,2.8824731714597362,6.576954413791149,6.576954413791162,0.0,0
4.727272727272727,1.1363636363636362,1.0,4.654448441181666,2.9120056732637014,6.776890133317203,6.776890133317198,0.0,0
4.727272727272727,1.4545454545454546,1.0,4.770019842219833,2.9450686544580815,7.0240179592323635,7.024017959232349,0.0,0
4.727272727272727,1.7727272727272727,1.0,4.923147360933222,2.9822884472920665,7.341122749413784,7.341122749413789,0.0,0
4.727272727272727,2.090909090909091,1.0,5.137067805394595,3.024456416746867,7.768418843644712,7.7684188436447155,0.0,0
4.727272727272727,2.409090909090909,1.0,5.455348611134013,3.0725900258229792,8.3810248649788,8.381024864978812,0.0,0
4.727272727272727,2.727272727272727,1.0,5.962241227245941,3.128024354001396,9.325017881628238,9.325017881628236,0.0,0
4.727272727272727,3.0454545454545454,1.0,6.824158531872723,3.1925540559325567,10.893247499628503,10.89324749962852,0.0,0
4.727272727272727,3.3636363636363638,1.0,8.400139763580656,3.2686628085191494,13.72861221578948,13.728612215789452,0.0,0
4.727272727272727,3.6818181818181817,1.0,11.686665466390517,3.3599132442924478,19.63309104107032,19.633091041070355,0.0,0
4.727272727272727,4.0,1.0,21.259003765385035,3.471652485173578,36.90193662720671,36.901936627206695,0.0,0
5.636363636363637,0.5,1.0,4.906316087744418,2.909395476287838,7.13720691546093,7.137206915460926,0.0,0
5.636363636363637,0.8181818181818181,1.0,4.993033064720791,2.9322201130542362,7.3203359887595765,7.320335988759561,0.0,0
5.636363636363637,1.1363636363636362,1.0,5.097248575448645,2.9572112266554265,7.53682035618505,7.536820356185061,0.0,0
5.636363636363637,1.4545454545454546,1.0,5.226196792995973,2.9846658069761873,7.799225434291843,7.799225434291843,0.0,0
5.636363636363637,1.7727272727272727,1.0,5.391522315319889,3.0149400026685895,8.127558151869161,8.127558151869145,0.0,0
5.636363636363637,2.090909090909091,1.0,5.61276670573664,3.0484653011391205,8.555162272913536,8.555162272913538,0.0,0
5.636363636363637,2.409090909090909,1.0,5.923875050929107,3.085770523025507,9.13985950712162,9.13985950712164,0.0,0
5.636363636363637,2.727272727272727,1.0,6.384794216513123,3.1275122999910088,9.984261222528128,9.98426122252812,0.0,0
5.636363636363637,3.0454545454545454,1.0,7.101426435156128,3.1745182413828754,11.271803879120855,11.27180387912084,0.0,0
5.636363636363637,3.3636363636363638,1.0,8.266405111654686,3.227849629697517,13.341356339292124,13.341356339292117,0.0,0
5.636363636363637,3.6818181818181817,1.0,10.277542766974046,3.2888951836590405,16.9008804530754,16.90088045307535,0.0,0
5.636363636363637,4.0,1.0,14.180660472263217,3.3595162060482244,23.820079334517903,23.820079334517843,0.0,0
6.545454545454545,0.5,1.0,5.345632453572137,2.948208812132257,7.88002035302078,7.8800203530207735,0.0,0
6.545454545454545,0.8181818181818181,1.0,5.442226095408397,2.9682070952525503,8.076827055179901,8.076827055179885,0.0,0
6.545454545454545,1.1363636363636362,1.0,5.55660278381723,2.9898297547535506,8.306648169201583,8.30664816920158,0.0,0
6.545454545454545,1.4545454545454546,1.0,5.695562544603413,3.0132662739896983,8.581123263526214,8.581123263526194,0.0,0
6.545454545454545,1.7727272727272727,1.0,5.869674014330449,3.0387379766835645,8.918200669049291,8.918200669049314,0.0,0
6.545454545454545,2.090909090909091,1.0,6.095913320129948,3.0665052986575763,9.346575248167886,9.346575248167897,0.0,0
6.545454545454545,2.409090909090909,1.0,6.4022435345358595,3.0968772173070414,9.913481070877717,9.913481070877694,0.0,0
6.545454545454545,2.727272727272727,1.0,6.835109934319234,3.1302236463169297,10.697711370790923,10.697711370790898,0.0,0
6.545454545454545,3.0454545454545454,1.0,7.47093477148232,3.1669919767286623,11.830195239973866,11.830195239973824,0.0,0
6.545454545454545,3.3636363636363638,1.0,8.435730023394692,3.2077295298605133,13.529770150987051,13.52977015098702,0.0,0
6.545454545454545,3.6818181818181817,1.0,9.951883760613468,3.253114626484191,16.187309311361066,16.187309311361098,0.0,0
6.545454545454545,4.0,1.0,12.476242823922675,3.3040005314742062,20.61075646052089,20.610756460520882,0.0,0
7.454545454545454,0.5,1.0,5.800119626268656,2.9776709801322307,8.635423946217783,8.635423946217793,0.0,0
7.454545454545454,0.8181818181818181,1.0,5.904853046071888,2.995446206573345,8.843834828614552,8.843834828614545,0.0,0
7.454545454545454,1.1363636363636362,1.0,6.0274345002800285,3.0144834083186356,9.084800647910734,9.08480064791074,0.0,0
7.454545454545454,1.4545454545454546,1.0,6.174280150470797,3.0349107099351267,9.369194477401845,9.369194477401845,0.0,0
7.454545454545454,1.7727272727272727,1.0,6.3550981654216665,3.0568748546731888,9.713369890428595,9.71336989042861,0.0,0
7.454545454545454,2.090909090909091,1.0,6.584976424672767,3.080544854594113,10.142657621324638,10.142657621324593,0.0,0
7.454545454545454,2.409090909090909,1.0,6.887809809274524,3.106116563066797,10.697170065920764,10.697170065920789,0.0,0
7.454545454545454,2.727272727272727,1.0,7.301560681429156,3.133818461015926,11.4408828288454,11.440882828845314,0.0,0
7.454545454545454,3.0454545454545454,1.0,7.885669668097675,3.1639190609812644,12.474810285748024,12.474810285748008,0.0,0
7.454545454545454,3.3636363636363638,1.0,8.73208531245243,3.1967364982650097,13.957087912140276,13.957087912140231,0.0,0
7.454545454545454,3.6818181818181817,1.0,9.987996091408036,3.2326511254200976,16.143853402790853,16.143853402790867,0.0,0
7.454545454545454,4.0,1.0,11.914825167386404,3.2721223035218885,19.493382586384474,19.493382586384495,0.0,0
8.363636363636363,0.5,1.0,6.265696126403963,3.0007933007166816,9.40102948021973,9.401029480219744,0.0,0
8.363636363636363,0.8181818181818181,1.0,6.377362383723537,3.016780371118234,9.619550829362474,9.619550829362485,0.0,0
8.363636363636363,1.1363636363636362,1.0,6.506805846429862,3.033775591573431,9.870094378003117,9.870094378003099,0.0,0
8.363636363636363,1.4545454545454546,1.0,6.66010415821664,3.0518695747147744,10.162884622446384,10.162884622446333,0.0,0
8.363636363636363,1.7727272727272727,1.0,6.846260469027401,3.0711645327573573,10.512996167247852,10.512996167247854,0.0,0
8.363636363636363,2.090909090909091,1.0,7.078910556037708,3.0917762695678315,10.943203835775304,10.943203835775304,0.0,0
8.363636363636363,2.409090909090909,1.0,7.379004363344464,3.1138366110760605,11.488506969935985,11.488506969936005,0.0,0
8.363636363636363,2.727272727272727,1.0,7.778719067040184,3.137496393833831,12.202851510742521,12.20285151074252,0.0,0
8.363636363636363,3.0454545454545454,1.0,8.326618547727712,3.162929171319428,13.1682523515287,13.168252351528691,0.0,0
8.363636363636363,3.3636363636363638,1.0,9.094530263278427,3.1903358531939974,14.507302983447495,14.507302983447516,0.0,0
8.363636363636363,3.6818181818181817,1.0,10.190084575985786,3.219950571560034,16.405784327345273,16.405784327345245,0.0,0
8.363636363636363,4.0,1.0,11.786736001248821,3.2520481818664204,19.16551669150035,19.165516691500358,0.0,0
9.272727272727273,0.5,1.0,6.739774711291335,3.0194211676814184,10.175109214338484,10.175109214338494,0.0,0
9.272727272727273,0.8181818181818181,1.0,6.857505753878026,3.033941517209905,10.402635705598197,10.402635705598158,0.0,0
9.272727272727273,1.1363636363636362,1.0,6.992852495257339,3.0492855028288557,10.661601868604404,10.661601868604388,0.0,0
9.272727272727273,1.4545454545454546,1.0,7.151592065657828,3.0655195368280133,10.961672598349132,10.961672598349145,0.0,0
9.272727272727273,1.7727272727272727,1.0,7.342137194100401,3.0827176286452334,11.31686788009257,11.316867880092584,0.0,0
9.272727272727273,2.090909090909091,1.0,7.576968263648432,3.1009625456516265,11.7479473975824,11.747947397582426,0.0,0
9.272727272727273,2.409090909090909,1.0,7.8748030014795685,3.12034720013543,12.286059748642387,12.286059748642467,0.0,0
9.272727272727273,2.727272727272727,1.0,8.263635386159343,3.1409763169624516,12.977941519969676,12.977941519969685,0.0,0
9.272727272727273,3.0454545454545454,1.0,8.784533601909999,3.162968452249948,13.892601325285453,13.892601325285476,0.0,0
9.272727272727273,3.3636363636363638,1.0,9.496253240820634,3.186458454740181,15.129708213783385,15.129708213783367,0.0,0
9.272727272727273,3.6818181818181817,1.0,10.482766712819314,3.2116004906298867,16.833229359024564,16.833229359024592,0.0,0
9.272727272727273,4.0,1.0,11.870300160389876,3.2385717926887083,19.221409635093465,19.22140963509344,0.0,0
10.181818181818182,0.5,1.0,7.22060244789081,3.0347478316477288,10.956353810963476,10.956353810963442,0.0,0
10.181818181818182,0.8181818181818181,1.0,7.343759662356592,3.048044765022815,11.192054097215868,11.192054097215857,0.0,0
10.181818181818182,1.1363636363636362,1.0,7.484306668862959,3.0620270815880595,11.458574853484269,11.45857485348423,0.0,0
10.181818181818182,1.4545454545454546,1.0,7.647751198409517,3.076744891592652,11.765089715939032,11.765089715939027,0.0,0
10.181818181818182,1.7727272727272727,1.0,7.842001927515891,3.0922534864468703,12.124728900542033,12.124728900542058,0.0,0
10.181818181818182,2.090909090909091,1.0,8.078594508185768,3.108614051721264,12.556616203152254,12.55661620315226,0.0,0
10.181818181818182,2.409090909090909,1.0,8.374493786643264,3.125894504821624,13.08889205416551,13.088892054165502,0.0,0
10.181818181818182,2.727272727272727,1.0,8.754533369939969,3.14417048417817,13.762872712259059,13.76287271225904,0.0,0
10.181818181818182,3.0454545454545454,1.0,9.254331909138752,3.1635265237412273,14.638162227032623,14.63816222703261,0.0,0
10.181818181818182,3.3636363636363638,1.0,9.923561606174326,3.18405745566176,15.798595159429098,15.798595159429055,0.0,0
10.181818181818182,3.6818181818181817,1.0,10.830748425383781,3.2058700960175748,17.360986247213642,17.360986247213656,0.0,0
10.181818181818182,4.0,1.0,12.073667756995492,3.2290852844053717,19.49345144145685,19.493451441456905,0.0,0
11.09090909090909,0.5,1.0,7.706927471914174,3.0475788187455963,11.743734460507081,11.7437344605071,0.0,0
11.09090909090909,0.8181818181818181,1.0,7.8350350037051175,3.0598404884771195,11.986978666486204,11.986978666486193,0.0,0
11.09090909090909,1.1363636363636362,1.0,7.980258361629233,3.0726813181970365,12.260395391081934,12.260395391081904,0.0,0
11.09090909090909,1.4545454545454546,1.0,8.147861154811396,3.0861400400940724,12.572720275495287,12.57272027549529,0.0,0
11.09090909090909,1.7727272727272727,1.0,8.345314385454621,3.1002590398528844,12.936318181960008,12.936318181959999,0.0,0
11.09090909090909,2.090909090909091,1.0,8.583363713923125,3.115084813996552,13.368952979125481,13.368952979125492,0.0,0
11.09090909090909,2.409090909090909,1.0,8.877558343518213,3.130668499754965,13.896346130394678,13.896346130394658,0.0,0
11.09090909090909,2.727272727272727,1.0,9.250261592930633,3.147066491572896,14.555594148697873,14.555594148697839,0.0,0
11.09090909090909,3.0454545454545454,1.0,9.732965475789806,3.164341161665817,15.399211640056995,15.39921164005701,0.0,0
11.09090909090909,3.3636363636363638,1.0,10.368706861734438,3.1825617062330833,16.499524700656128,16.499524700656107,0.0,0
11.09090909090909,3.6818181818181817,1.0,11.215264613900354,3.201805144336387,17.954545967939985,17.954545967940014,0.0,0
11.09090909090909,4.0,1.0,12.351827390086758,3.2221575034446763,19.899766653110724,19.89976665311079,0.0,0
12.0,0.5,1.0,8.197816556242817,3.058477461054148,12.536418583562597,12.536418583562593,0.0,0
12.0,0.8181818181818181,1.0,8.330518548883337,3.0698521446367093,12.786730116612699,12.786730116612699,0.0,0
12.0,1.1363636363636362,1.0,8.480025148799013,3.0817226319257456,13.0665427101767,13.066542710176709,0.0,0
12.0,1.4545454545454546,1.0,8.651376316640102,3.094119474884969,13.384195972937356,13.384195972937379,0.0,0
12.0,1.7727272727272727,1.0,8.851657229031808,3.1070758750051657,13.751385315069907,13.751385315069902,0.0,0
12.0,2.090909090909091,1.0,9.090940359391995,3.120627987487299,14.184721459048268,14.184721459048234,0.0,0
12.0,2.409090909090909,1.0,9.383605182081633,3.1348152695548053,14.707934404131557,14.707934404131542,0.0,0
12.0,2.727272727272727,1.0,9.750030947224866,3.1496808807308505,15.35474303050414,15.354743030504123,0.0,0
12.0,3.0454545454545454,1.0,10.21848322453273,3.1652721445801264,16.17214015523638,16.172140155236377,0.0,0
12.0,3.3636363636363638,1.0,10.826961700088313,3.1816410834944886,17.223753077211136,17.223753077211178,0.0,0
12.0,3.6818181818181817,1.0,11.625400072695012,3.198845040717185,18.593926684446796,18.59392668444685,0.0,0
12.0,4.0,1.0,12.680092779385731,3.216947407111771,20.395595794290823,20.395595794290795,0.0,0
