h,c_plus_formula
0.000000000000000000e+00,1.986084926012312337e+02
6.250000000000000130e-04,1.996863258849209615e+02
1.250000000000000026e-03,2.007721319433031510e+02
1.874999999999999931e-03,2.018659852119345146e+02
2.500000000000000052e-03,2.029679609651319936e+02
3.125000000000000173e-03,2.040781353270446061e+02
3.749999999999999861e-03,2.051965852828928689e+02
4.375000000000000416e-03,2.063233886903792609e+02
5.000000000000000104e-03,2.074586242912711214e+02
5.624999999999999792e-03,2.086023717231608430e+02
6.250000000000000347e-03,2.097547115314049790e+02
6.875000000000000035e-03,2.109157251812452785e+02
7.499999999999999722e-03,2.120854950701165649e+02
8.125000000000000278e-03,2.132641045401422275e+02
8.750000000000000833e-03,2.144516378908222407e+02
9.374999999999999653e-03,2.156481803919168669e+02
1.000000000000000021e-02,2.168538182965288570e+02
1.062500000000000076e-02,2.180686388543874727e+02
1.124999999999999958e-02,2.192927303253392211e+02
1.187500000000000014e-02,2.205261819930476292e+02
1.250000000000000069e-02,2.217690841789051035e+02
1.312499999999999951e-02,2.230215282561634638e+02
1.375000000000000007e-02,2.242836066642829280e+02
1.437500000000000062e-02,2.255554129235075891e+02
1.499999999999999944e-02,2.268370416496681230e+02
1.562500000000000000e-02,2.281285885692165607e+02
1.625000000000000056e-02,2.294301505344994325e+02
1.687500000000000111e-02,2.307418255392699962e+02
1.750000000000000167e-02,2.320637127344461419e+02
1.812499999999999875e-02,2.333959124441180393e+02
1.874999999999999931e-02,2.347385261818096183e+02
1.937499999999999986e-02,2.360916566669976362e+02
2.000000000000000042e-02,2.374554078418953793e+02
2.062500000000000097e-02,2.388298848885025620e+02
2.125000000000000153e-02,2.402151942459293821e+02
2.187500000000000208e-02,2.416114436279968629e+02
2.249999999999999917e-02,2.430187420411200208e+02
2.312499999999999972e-02,2.444371998024799382e+02
2.375000000000000028e-02,2.458669285584870181e+02
2.437500000000000083e-02,2.473080413035432912e+02
2.500000000000000139e-02,2.487606523991087784e+02
2.562500000000000194e-02,2.502248775930763713e+02
2.624999999999999903e-02,2.517008340394617676e+02
2.687499999999999958e-02,2.531886403184145422e+02
2.750000000000000014e-02,2.546884164565552169e+02
2.812500000000000069e-02,2.562002839476446070e+02
2.875000000000000125e-02,2.577243657735932061e+02
2.937500000000000180e-02,2.592607864258137624e+02
2.999999999999999889e-02,2.608096719269266828e+02
3.062499999999999944e-02,2.623711498528223842e+02
3.125000000000000000e-02,2.639453493550886378e+02
3.187500000000000056e-02,2.655324011838087017e+02
3.250000000000000111e-02,2.671324377107387136e+02
3.312500000000000167e-02,2.687455929528689467e+02
3.375000000000000222e-02,2.703720025963795024e+02
3.437500000000000278e-02,2.720118040209937362e+02
3.500000000000000333e-02,2.736651363247414679e+02
3.562500000000000389e-02,2.753321403491356136e+02
3.624999999999999750e-02,2.770129587047720179e+02
3.687499999999999806e-02,2.787077357973621474e+02
3.749999999999999861e-02,2.804166178542025705e+02
3.812499999999999917e-02,2.821397529510929871e+02
3.874999999999999972e-02,2.838772910397113378e+02
3.937500000000000028e-02,2.856293839754528108e+02
4.000000000000000083e-02,2.873961855457416732e+02
4.062500000000000139e-02,2.891778514988286020e+02
4.125000000000000194e-02,2.909745395730778341e+02
4.187500000000000250e-02,2.927864095267564721e+02
4.250000000000000305e-02,2.946136231683362325e+02
4.312500000000000361e-02,2.964563443873149708e+02
4.375000000000000416e-02,2.983147391855702608e+02
4.437499999999999778e-02,3.001889757092548052e+02
4.499999999999999833e-02,3.020792242812445352e+02
4.562499999999999889e-02,3.039856574341476403e+02
4.624999999999999944e-02,3.059084499438905027e+02
4.687500000000000000e-02,3.078477788638875268e+02
4.750000000000000056e-02,3.098038235598071992e+02
4.812500000000000111e-02,3.117767657449477952e+02
4.875000000000000167e-02,3.137667895162343825e+02
4.937500000000000222e-02,3.157740813908465043e+02
5.000000000000000278e-02,3.177988303434929662e+02
5.062500000000000333e-02,3.198412278443452124e+02
5.125000000000000389e-02,3.219014678976411119e+02
5.187500000000000444e-02,3.239797470809736524e+02
5.249999999999999806e-02,3.260762645852793185e+02
5.312499999999999861e-02,3.281912222555379799e+02
5.374999999999999917e-02,3.303248246321991815e+02
5.437499999999999972e-02,3.324772789933521153e+02
5.500000000000000028e-02,3.346487953976500194e+02
5.562500000000000083e-02,3.368395867280070206e+02
5.625000000000000139e-02,3.390498687360829422e+02
5.687500000000000194e-02,3.412798600875714214e+02
5.750000000000000250e-02,3.435297824083075966e+02
5.812500000000000305e-02,3.457998603312124146e+02
5.875000000000000361e-02,3.480903215440919212e+02
5.937500000000000416e-02,3.504013968383054589e+02
5.999999999999999778e-02,3.527333201583257960e+02
6.062499999999999833e-02,3.550863286522048838e+02
6.124999999999999889e-02,3.574606627229666742e+02
6.187499999999999944e-02,3.598565660809451856e+02
6.250000000000000000e-02,3.622742857970887371e+02
6.312500000000000056e-02,3.647140723572468914e+02
6.375000000000000111e-02,3.671761797174660273e+02
6.437500000000000167e-02,3.696608653603100265e+02
6.500000000000000222e-02,3.721683903522299488e+02
6.562500000000000278e-02,3.746990194020030458e+02
6.625000000000000333e-02,3.772530209202657261e+02
6.687500000000000389e-02,3.798306670801628115e+02
6.750000000000000444e-02,3.824322338791338325e+02
6.812500000000000500e-02,3.850580012018662046e+02
6.875000000000000555e-02,3.877082528844348417e+02
6.937500000000000611e-02,3.903832767796558301e+02
7.000000000000000666e-02,3.930833648236800286e+02
7.062500000000000722e-02,3.958088131038531401e+02
7.125000000000000777e-02,3.985599219278678333e+02
7.187500000000000833e-02,4.013369958942392373e+02
7.249999999999999500e-02,4.041403439641281352e+02
7.312499999999999556e-02,4.069702795345430673e+02
7.374999999999999611e-02,4.098271205129533996e+02
7.437499999999999667e-02,4.127111893933386000e+02
7.499999999999999722e-02,4.156228133337100985e+02
7.562499999999999778e-02,4.185623242351362023e+02
7.624999999999999833e-02,4.215300588223004183e+02
7.687499999999999889e-02,4.245263587256313258e+02
7.749999999999999944e-02,4.275515705650354334e+02
7.812500000000000000e-02,4.306060460352688324e+02
7.875000000000000056e-02,4.336901419929845929e+02
7.937500000000000111e-02,4.368042205454920577e+02
8.000000000000000167e-02,4.399486491412680493e+02
8.062500000000000222e-02,4.431238006622554622e+02
8.125000000000000278e-02,4.463300535179922690e+02
8.187500000000000333e-02,4.495677917416118703e+02
8.250000000000000389e-02,4.528374050877537798e+02
8.312500000000000444e-02,4.561392891324292123e+02
8.375000000000000500e-02,4.594738453748891516e+02
8.437500000000000555e-02,4.628414813415338358e+02
8.500000000000000611e-02,4.662426106919130007e+02
8.562500000000000666e-02,4.696776533268661638e+02
8.625000000000000722e-02,4.731470354988495615e+02
8.687500000000000777e-02,4.766511899244973165e+02
8.750000000000000833e-02,4.801905558994742478e+02
8.812499999999999500e-02,4.837655794156675597e+02
8.874999999999999556e-02,4.873767132807707867e+02
8.937499999999999611e-02,4.910244172403218386e+02
8.999999999999999667e-02,4.947091581022435776e+02
9.062499999999999722e-02,4.984314098639489430e+02
9.124999999999999778e-02,5.021916538420724692e+02
9.187499999999999833e-02,5.059903788048844149e+02
9.249999999999999889e-02,5.098280811074522489e+02
9.312499999999999944e-02,5.137052648296172492e+02
9.375000000000000000e-02,5.176224419168464692e+02
9.437500000000000056e-02,5.215801323240305010e+02
9.500000000000000111e-02,5.255788641622983732e+02
9.562500000000000167e-02,5.296191738489188765e+02
9.625000000000000222e-02,5.337016062603611317e+02
9.687500000000000278e-02,5.378267148885897768e+02
9.750000000000000333e-02,5.419950620006750341e+02
9.812500000000000389e-02,5.462072188017926919e+02
9.875000000000000444e-02,5.504637656016960818e+02
9.937500000000000500e-02,5.547652919847481598e+02
1.000000000000000056e-01,5.591123969835921343e+02
1.006250000000000061e-01,5.635056892565535236e+02
1.012500000000000067e-01,5.679457872688660700e+02
1.018750000000000072e-01,5.724333194778064353e+02
1.025000000000000078e-01,5.769689245218415863e+02
1.031250000000000083e-01,5.815532514138817533e+02
1.037500000000000089e-01,5.861869597387427575e+02
1.043749999999999956e-01,5.908707198549166151e+02
1.049999999999999961e-01,5.956052131007631942e+02
1.056249999999999967e-01,6.003911320052269502e+02
1.062499999999999972e-01,6.052291805031894683e+02
1.068749999999999978e-01,6.101200741555833247e+02
1.074999999999999983e-01,6.150645403743715178e+02
1.081249999999999989e-01,6.200633186525237761e+02
1.087499999999999994e-01,6.251171607991137762e+02
1.093750000000000000e-01,6.302268311796636908e+02
1.100000000000000006e-01,6.353931069618669198e+02
1.106250000000000011e-01,6.406167783668299762e+02
1.112500000000000017e-01,6.458986489259708605e+02
1.118750000000000022e-01,6.512395357437150096e+02
1.125000000000000028e-01,6.566402697661389993e+02
1.131250000000000033e-01,6.621016960557176390e+02
1.137500000000000039e-01,6.676246740723236144e+02
1.143750000000000044e-01,6.732100779606445258e+02
1.150000000000000050e-01,6.788587968441845533e+02
1.156250000000000056e-01,6.845717351260160513e+02
1.162500000000000061e-01,6.903498127964602418e+02
1.168750000000000067e-01,6.961939657478758363e+02
1.175000000000000072e-01,7.021051460967407820e+02
1.181250000000000078e-01,7.080843225132159660e+02
1.187500000000000083e-01,7.141324805583932402e+02
1.193750000000000089e-01,7.202506230294225134e+02
1.199999999999999956e-01,7.264397703127291379e+02
1.206249999999999961e-01,7.327009607455390778e+02
1.212499999999999967e-01,7.390352509859252450e+02
1.218749999999999972e-01,7.454437163916070404e+02
1.224999999999999978e-01,7.519274514077372942e+02
1.231249999999999983e-01,7.584875699639126196e+02
1.237499999999999989e-01,7.651252058806585410e+02
1.243749999999999994e-01,7.718415132856456466e+02
1.250000000000000000e-01,7.786376670398968827e+02
1.256250000000000144e-01,7.855148631742555381e+02
1.262500000000000011e-01,7.924743193364005265e+02
1.268750000000000155e-01,7.995172752486862464e+02
1.275000000000000022e-01,8.066449931771128377e+02
1.281249999999999889e-01,8.138587584117212828e+02
1.287500000000000033e-01,8.211598797587435001e+02
1.293749999999999900e-01,8.285496900448113138e+02
1.300000000000000044e-01,8.360295466335800256e+02
1.306249999999999911e-01,8.436008319550928718e+02
1.312500000000000056e-01,8.512649540482556176e+02
1.318749999999999922e-01,8.590233471167759944e+02
1.325000000000000067e-01,8.668774720989558773e+02
1.331249999999999933e-01,8.748288172517186467e+02
1.337500000000000078e-01,8.828788987492738443e+02
1.343749999999999944e-01,8.910292612968403319e+02
1.350000000000000089e-01,8.992814787598463226e+02
1.356249999999999956e-01,9.076371548090520491e+02
1.362500000000000100e-01,9.160979235820517488e+02
1.368749999999999967e-01,9.246654503616172178e+02
1.375000000000000111e-01,9.333414322713797446e+02
1.381249999999999978e-01,9.421275989893323413e+02
1.387500000000000122e-01,9.510257134796925129e+02
1.393749999999999989e-01,9.600375727436290845e+02
1.400000000000000133e-01,9.691650085894333415e+02
1.406250000000000000e-01,9.784098884226758628e+02
1.412500000000000144e-01,9.877741160569581780e+02
1.418750000000000011e-01,9.972596325458422371e+02
1.425000000000000155e-01,1.006868417036606047e+03
1.431250000000000022e-01,1.016602487646452687e+03
1.437500000000000167e-01,1.026463902361848568e+03
1.443750000000000033e-01,1.036454759961684204e+03
1.449999999999999900e-01,1.046577200964958365e+03
1.456250000000000044e-01,1.056833408603734824e+03
1.462499999999999911e-01,1.067225609822118258e+03
1.468750000000000056e-01,1.077756076302053771e+03
1.474999999999999922e-01,1.088427125516741626e+03
1.481250000000000067e-01,1.099241121812527126e+03
1.487499999999999933e-01,1.110200477520121467e+03
1.493750000000000078e-01,1.121307654096054193e+03
1.499999999999999944e-01,1.132565163295294269e+03
1.506250000000000089e-01,1.143975568375991088e+03
1.512499999999999956e-01,1.155541485337328595e+03
1.518750000000000100e-01,1.167265584191536846e+03
1.524999999999999967e-01,1.179150590271097826e+03
1.531250000000000111e-01,1.191199285572277631e+03
1.537499999999999978e-01,1.203414510136092758e+03
1.543750000000000122e-01,1.215799163467921289e+03
1.549999999999999989e-01,1.228356205996944482e+03
1.556250000000000133e-01,1.241088660576719121e+03
1.562500000000000000e-01,1.253999614028158476e+03
1.568750000000000144e-01,1.267092218726295869e+03
1.575000000000000011e-01,1.280369694232218762e+03
1.581250000000000155e-01,1.293835328971645140e+03
1.587500000000000022e-01,1.307492481961627391e+03
1.593750000000000167e-01,1.321344584586950759e+03
1.600000000000000033e-01,1.335395142427857081e+03
1.606249999999999900e-01,1.349647737140735217e+03
1.612500000000000044e-01,1.364106028393548513e+03
1.618749999999999911e-01,1.378773755857771221e+03
1.625000000000000056e-01,1.393654741258716967e+03
1.631249999999999922e-01,1.408752890486176739e+03
1.637500000000000067e-01,1.424072195767389303e+03
1.643749999999999933e-01,1.439616737904403635e+03
1.650000000000000078e-01,1.455390688577997935e+03
1.656249999999999944e-01,1.471398312720404647e+03
1.662500000000000089e-01,1.487643970959137050e+03
1.668749999999999956e-01,1.504132122134343263e+03
1.675000000000000100e-01,1.520867325892188774e+03
1.681249999999999967e-01,1.537854245356842284e+03
1.687500000000000111e-01,1.555097649883783788e+03
1.693749999999999978e-01,1.572602417897201349e+03
1.700000000000000122e-01,1.590373539814413562e+03
1.706249999999999989e-01,1.608416121060290834e+03
1.712500000000000133e-01,1.626735385174848034e+03
1.718750000000000000e-01,1.645336677017226975e+03
1.725000000000000144e-01,1.664225466069475715e+03
1.731250000000000011e-01,1.683407349843609381e+03
1.737500000000000155e-01,1.702888057395628039e+03
1.743750000000000022e-01,1.722673452950263027e+03
1.750000000000000167e-01,1.742769539640404673e+03
1.756250000000000033e-01,1.763182463365319563e+03
1.762499999999999900e-01,1.783918516771897885e+03
1.768750000000000044e-01,1.804984143363393741e+03
1.774999999999999911e-01,1.826385941740239332e+03
1.781250000000000056e-01,1.848130669977771504e+03
1.787499999999999922e-01,1.870225250145814698e+03
1.793750000000000067e-01,1.892676772975370341e+03
1.799999999999999933e-01,1.915492502677777338e+03
1.806250000000000078e-01,1.938679881921993456e+03
1.812499999999999944e-01,1.962246536975872914e+03
1.818750000000000089e-01,1.986200283017521315e+03
1.824999999999999956e-01,2.010549129623097315e+03
1.831250000000000100e-01,2.035301286437703766e+03
1.837499999999999967e-01,2.060465169036232055e+03
1.843750000000000111e-01,2.086049404981399675e+03
1.849999999999999978e-01,2.112062840086428878e+03
1.856250000000000122e-01,2.138514544890239449e+03
1.862499999999999989e-01,2.165413821353228286e+03
1.868750000000000133e-01,2.192770209782216170e+03
1.875000000000000000e-01,2.220593495993358374e+03
1.881250000000000144e-01,2.248893718722304129e+03
1.887500000000000011e-01,2.277681177291217864e+03
1.893750000000000155e-01,2.306966439542774424e+03
1.900000000000000022e-01,2.336760350051576552e+03
1.906250000000000167e-01,2.367074038624005880e+03
1.912500000000000033e-01,2.397918929097957516e+03
1.918750000000000178e-01,2.429306748454383069e+03
1.925000000000000044e-01,2.461249536253169936e+03
1.931249999999999911e-01,2.493759654406398113e+03
1.937500000000000056e-01,2.526849797302599654e+03
1.943749999999999922e-01,2.560533002296281666e+03
1.950000000000000067e-01,2.594822660577619445e+03
1.956249999999999933e-01,2.629732528437882593e+03
1.962500000000000078e-01,2.665276738946880869e+03
1.968749999999999944e-01,2.701469814059499186e+03
1.975000000000000089e-01,2.738326677169102823e+03
1.981249999999999956e-01,2.775862666126485237e+03
1.987500000000000100e-01,2.814093546743906245e+03
1.993749999999999967e-01,2.853035526804587789e+03
2.000000000000000111e-01,2.892705270599148207e+03
2.006249999999999978e-01,2.933119914011297169e+03
2.012500000000000122e-01,2.974297080176350391e+03
2.018749999999999989e-01,3.016254895737057723e+03
2.025000000000000133e-01,3.059012007722618364e+03
2.031250000000000000e-01,3.102587601077805630e+03
2.037500000000000144e-01,3.147001416870593857e+03
2.043750000000000011e-01,3.192273771207913796e+03
2.050000000000000155e-01,3.238425574890768530e+03
2.056250000000000022e-01,3.285478353841312128e+03
2.062500000000000167e-01,3.333454270336218542e+03
2.068750000000000033e-01,3.382376145082364474e+03
2.075000000000000178e-01,3.432267480172552496e+03
2.081250000000000044e-01,3.483152482960997986e+03
2.087499999999999911e-01,3.535056090900271556e+03
2.093750000000000056e-01,3.588003997383461865e+03
2.099999999999999922e-01,3.642022678637564240e+03
2.106250000000000067e-01,3.697139421716542984e+03
2.112499999999999933e-01,3.753382353644838531e+03
2.118750000000000078e-01,3.810780471764846425e+03
2.124999999999999944e-01,3.869363675344666717e+03
2.131250000000000089e-01,3.929162798505263709e+03
2.137499999999999956e-01,3.990209644529378693e+03
2.143750000000000100e-01,4.052537021617828941e+03
2.149999999999999967e-01,4.116178780162180374e+03
2.156250000000000111e-01,4.181169851606674456e+03
2.162499999999999978e-01,4.247546288975943753e+03
2.168750000000000122e-01,4.315345309149467539e+03
2.174999999999999989e-01,4.384605336967723815e+03
2.181250000000000133e-01,4.455366051260113636e+03
2.187500000000000000e-01,4.527668432889159703e+03
2.193750000000000144e-01,4.601554814911104586e+03
2.200000000000000011e-01,4.677068934958273530e+03
2.206250000000000155e-01,4.754255989954684082e+03
2.212500000000000022e-01,4.833162693282415603e+03
2.218750000000000167e-01,4.913837334523013851e+03
2.225000000000000033e-01,4.996329841905240755e+03
2.231250000000000178e-01,5.080691847597843662e+03
2.237500000000000044e-01,5.166976755994075575e+03
2.243749999999999911e-01,5.255239815143188935e+03
2.250000000000000056e-01,5.345538191492948499e+03
2.256249999999999922e-01,5.437931048116957754e+03
2.262500000000000067e-01,5.532479626610722335e+03
2.268749999999999933e-01,5.629247332851159626e+03
2.275000000000000078e-01,5.728299826825909804e+03
2.281249999999999944e-01,5.829705116751132664e+03
2.287500000000000089e-01,5.933533657709493127e+03
2.293749999999999956e-01,6.039858455054135447e+03
2.300000000000000100e-01,6.148755172839443730e+03
2.306249999999999967e-01,6.260302247555129725e+03
2.312500000000000111e-01,6.374581007457508349e+03
2.318749999999999978e-01,6.491675797809644791e+03
2.325000000000000122e-01,6.611674112361958578e+03
2.331249999999999989e-01,6.734666731425076250e+03
2.337500000000000133e-01,6.860747866909565346e+03
2.343750000000000000e-01,6.990015314730331738e+03
2.350000000000000144e-01,7.122570614999503960e+03
2.356250000000000011e-01,7.258519220458273594e+03
2.362500000000000155e-01,7.397970673627928591e+03
2.368750000000000022e-01,7.541038793191077275e+03
2.375000000000000167e-01,7.687841870147911322e+03
2.381250000000000033e-01,7.838502874328297366e+03
2.387500000000000178e-01,7.993149671878852132e+03
2.393750000000000044e-01,8.151915254385851767e+03
2.399999999999999911e-01,8.314937980339276692e+03
2.406250000000000056e-01,8.482361829690948070e+03
2.412499999999999922e-01,8.654336672311332222e+03
2.418750000000000067e-01,8.831018551204891992e+03
2.424999999999999933e-01,9.012569981403165002e+03
2.431250000000000078e-01,9.199160265519087261e+03
2.437499999999999944e-01,9.390965827015068498e+03
2.443750000000000089e-01,9.588170562311519461e+03
2.449999999999999956e-01,9.790966212943034407e+03
2.456250000000000100e-01,9.999552759055912247e+03
2.462499999999999967e-01,1.021413883563394302e+04
2.468750000000000111e-01,1.043494217294070950e+04
2.474999999999999978e-01,1.066219006277516019e+04
2.481250000000000122e-01,1.089611985225586614e+04
2.487499999999999989e-01,1.113697946697590305e+04
2.493750000000000133e-01,1.138502796550968014e+04
2.500000000000000000e-01,1.164053612740123390e+04
