seed,row,state_sha256,relative_sync_distance,C_norm,direction_valid,invalid_reason,normalized_plane_residual,angle_to_plane_rad,projective_angle_own_initial_rad,projective_angle_other_initial_rad,linear_C_norm,C_norm_over_linear_prediction,cross_arithmetic_floor_proxy,norm_over_cross_arithmetic_floor,norm_over_1e_minus12_reference_only,symmetry_residual,mutual_projective_angle_rad,Omega0_real,Omega0_imag,Omega1_real,Omega1_imag,Omega2_real,Omega2_imag,mean_real,mean_imag,C_x,unit_C_x,C_y,unit_C_y,C_z,unit_C_z
A,0,9a5b7e83f5f85050a16e1038416f746736dc8e5c1271486414dffd4b0c40cce9,0.0005773502691896258,0.0017320508075688772,True,,0.0,0.0,0.0,1.5707963267948966,0.0017320508075688772,1.0,6.153480596427404e-18,281474976710656.0,1732050807.5688772,0.0,1.5707963267948966,1.0,0.0007071067811865475,1.0,-0.0007071067811865475,1.0,0.0,1.0,0.0,0.0007071067811865475,0.408248290463863,0.0007071067811865475,0.408248290463863,-0.001414213562373095,-0.816496580927726
A,1,214613bf31258613ccd70bddbca54e659f7606d831a74e1d6df84a3f2c9ca70c,0.00023094009739179846,0.0006928202681792761,True,,1.1785113207074244e-08,1.1785113207074244e-08,1.1785113163961323e-08,1.5707963267948966,0.0006928203230275509,0.9999999208333344,2.4613920437107457e-18,281474976710656.0,692820268.1792761,0.0,1.5707963267948966,0.999999975,0.00028284269479694947,0.999999975,-0.00028284269479694947,1.0,0.0,0.9999999833333334,0.0,0.00028284269479694947,0.40824829726800127,0.00028284269479694947,0.40824829726800127,-0.0005656853754517642,-0.8164965741235877
A,2,a62e925cd317c039fc2e839f53d0534be0b9a2663277e6a0450853645fa88253,9.237603874147608e-05,0.0002771281059553523,True,,5.421151868352883e-09,5.421151868352883e-09,5.4211518934997565e-09,1.5707963267948966,0.0002771281292110204,0.9999999160833362,9.845568128076547e-19,281474976710656.0,277128105.9553523,0.0,1.5707963267948966,0.9999999785000006,0.00011313707749451587,0.9999999785000006,-0.00011313707749451587,0.9999999900000001,0.0,0.9999999823333336,0.0,0.00011313707636314511,0.4082482935937665,0.00011313707636314511,0.4082482935937665,-0.00022627415012413754,-0.8164965777978226
A,3,35455439cf76930ad3c80b878f4e615b4e439b985dafc7b72ed0b1e7d66c1bdf,3.695041557323782e-05,0.00011085124294914503,True,,1.9280444279745287e-09,1.9280444279745287e-09,1.9280444375882075e-09,1.5707963267948966,0.00011085125168440816,0.9999999211983356,3.938227271374651e-19,281474976710656.0,110851242.94914503,0.0,1.5707963267948966,0.9999999823100004,4.5254831168643335e-05,0.9999999823100004,-4.5254831168643335e-05,0.9999999864000002,0.0,0.9999999836733338,0.0,4.525483055317764e-05,0.40824829157702003,4.525483055317764e-05,0.40824829157702003,-9.050966073617078e-05,-0.8164965798145691
A,4,0d6718a1aafbfe879db681100f3aef1537ea043a5e6d908a200703008291484c,1.4780166260919673e-05,4.4340497433768966e-05,True,,6.266851362871394e-10,6.266851362871394e-10,6.266851335888783e-10,1.5707963267948966,4.4340500673763264e-05,0.9999999269292351,1.5752909175776951e-19,281474976710656.0,44340497.433768965,0.0,1.5707963267948966,0.9999999847946004,1.8101932542879033e-05,0.9999999847946004,-1.8101932542879033e-05,0.9999999861240003,0.0,0.9999999852377336,0.0,1.8101932291696623e-05,0.4082482908256798,1.8101932291696623e-05,0.4082482908256798,-3.620386453526383e-05,-0.8164965805659092
A,5,5984e66dc7ecf662e9049cfa05757893455e54db45a4fe86ac3a46c50c7e29d5,5.912066515862197e-06,1.7736199066191524e-05,True,,1.9572903389202453e-10,1.9572903389202453e-10,1.957289819463972e-10,1.5707963267948966,1.7736200269505306e-05,0.9999999321549281,6.30116370323873e-20,281474976710656.0,17736199.066191524,0.0,1.5707963267948966,0.9999999865646363,7.24077304437974e-06,0.9999999865646363,-7.24077304437974e-06,0.9999999869798403,0.0,0.9999999867030377,0.0,7.240772950103719e-06,0.40824829057686723,7.240772950103719e-06,0.40824829057686723,-1.4481545894194642e-05,-0.8164965808147219
A,6,732913c3de6e9d727d51d6931a9f76d949214397f9e47972774126094a2c29e9,2.364826610596101e-06,7.094479659680449e-06,True,,5.995446817516387e-11,5.995446817516387e-11,5.995450389645113e-11,1.5707963267948966,7.094480107802124e-06,0.9999999368351637,2.5204654930918654e-20,281474976710656.0,7094479.659680449,0.0,1.5707963267948966,0.999999987988592,2.896309227461157e-06,0.999999987988592,-2.896309227461157e-06,0.9999999881157746,0.0,0.9999999880309862,0.0,2.8963091930407655e-06,0.4082482904984777,2.8963091930407655e-06,0.4082482904984777,-5.7926183853448105e-06,-0.8164965808931113
A,7,bf244a7858a8a11f231e0177d9970ff30264212728825077467a3257a3510561,9.459306458167952e-07,2.8377918757864354e-06,True,,1.818401587557594e-11,1.818401587557594e-11,1.8183973473597043e-11,1.5707963267948966,2.8377920431208494e-06,0.9999999410335882,1.0081862014695401e-20,281474976710656.0,2837791.8757864353,0.0,1.5707963267948966,0.99999998921475,1.1585236944621227e-06,0.99999998921475,-1.1585236944621227e-06,0.999999989253324,0.0,0.999999989227608,0.0,1.158523682011844e-06,0.40824829047436156,1.158523682011844e-06,0.40824829047436156,-2.31704736393431e-06,-0.8164965809172274
A,8,cbf904322c30e4c9c383c3dc539217c9ebc96c8d0458d0d0cad0147729a263d8,3.783722589091546e-07,1.1351167545977547e-06,True,,5.486803474055237e-12,5.486803474055237e-12,5.4868451060950325e-12,1.5707963267948966,1.13511681724834e-06,0.9999999448069271,4.0327448210950745e-21,281474976710656.0,1135116.7545977547,0.0,1.5707963267948966,0.9999999903009227,4.6340947903426816e-07,0.9999999903009227,-4.6340947903426816e-07,0.9999999903125619,0.0,0.9999999903048025,0.0,4.634094745450175e-07,0.4082482904670308,4.634094745450175e-07,0.4082482904670308,-9.268189490792475e-07,-0.8164965809245582
B,0,be2dee63519b72f265e01cec8f598f9e34bad85e829145808699c70f93634182,0.0005773502691896259,0.0017320508075688778,True,,0.0,0.0,0.0,1.5707963267948966,0.0017320508075688772,1.0000000000000004,6.8029287643606886e-18,254603696079073.8,1732050807.568878,0.0,1.5707963267948966,1.0,0.0004082482904638631,1.0,0.0004082482904638631,1.0,-0.0008164965809277262,1.0,0.0,-0.0012247448713915894,-0.7071067811865475,0.0012247448713915894,0.7071067811865475,0.0,0.0
B,1,52a293e319df6c88e9c9da4d07471e00d72ca5d23fb2547a3651bb45c849c5f7,0.00023094009739179844,0.0006928202681792758,True,,0.0,0.0,0.0,1.5707963267948966,0.0006928203230275509,0.999999920833334,2.721171315056122e-18,254603693764494.53,692820268.1792758,0.0,1.5707963267948966,0.9999999916666666,0.0001632993127834761,0.9999999916666666,0.0001632993127834761,0.9999999666666667,-0.0003265986051545377,0.9999999833333333,6.804138162908498e-12,-0.0004898979097730483,-0.7071067811865475,0.0004898979097730483,0.7071067811865475,0.0,0.0
B,2,e9b9892f3b9289da811141ec6d2da3ec5bf24711216bf418d35fdd23bdd86c00,9.237603874147609e-05,0.00027712810595535226,True,,0.0,0.0,0.0,1.5707963267948966,0.0002771281292110204,0.9999999160833359,1.08846853282538e-18,254603690963853.7,277128105.95535225,0.0,1.5707963267948966,0.9999999861666667,6.531972911422368e-05,0.9999999861666667,6.531972911422368e-05,0.9999999746666676,-0.0001306394373261352,0.9999999823333336,6.9674373873116384e-12,-0.00019595916297841361,-0.7071067811865475,0.00019595916297841361,0.7071067811865475,0.0,0.0
B,3,c5378fc4c58b837f72d7f3f2e8ca476ce441729f34f265d87e483985d7198d59,3.695041557323781e-05,0.00011085124294914499,True,,0.0,0.0,0.0,1.5707963267948966,0.00011085125168440816,0.9999999211983353,4.353874277601609e-19,254603683710887.75,110851242.94914499,0.0,1.5707963267948966,0.9999999850366669,2.6127895902575985e-05,0.9999999850366669,2.6127895902575985e-05,0.9999999809466673,-5.22557709694659e-05,0.9999999836733338,6.945228689395645e-12,-7.838366559229788e-05,-0.7071067811865475,7.838366559229788e-05,0.7071067811865475,0.0,0.0
B,4,eba826f878d5785fb08bb18129103ffbe9bcabdc882dd5d1b2a7b9766a8277e8,1.478016626091967e-05,4.434049743376894e-05,True,,0.0,0.0,0.0,1.5707963267948966,4.4340500673763264e-05,0.9999999269292346,1.7415498468225935e-19,254603665319524.88,44340497.43376894,0.0,1.5707963267948966,0.9999999856808669,1.0451162566371814e-05,0.9999999856808669,1.0451162566371814e-05,0.9999999843514671,-2.0902304313079148e-05,0.9999999852377336,6.939888160215734e-12,-3.1353466416602724e-05,-0.7071067811865475,3.1353466416602724e-05,0.7071067811865475,0.0,0.0
B,5,9ff4b1d2ae9782b12860e3dbfd7f32ef2f9f06938d6451056bee26578764eebc,5.912066515862196e-06,1.7736199066191524e-05,True,,0.0,0.0,0.0,1.5707963267948966,1.7736200269505306e-05,0.9999999321549281,6.966200684636335e-20,254603619234053.53,17736199.066191524,0.0,1.5707963267948966,0.9999999868414389,4.180469205389703e-06,0.9999999868414389,4.180469205389703e-06,0.999999986426235,-8.360917593551185e-06,0.9999999867030377,6.9390760735891285e-12,-1.2541386632178537e-05,-0.7071067811865475,1.2541386632178537e-05,0.7071067811865475,0.0,0.0
B,6,75343a4d9c15474011797dc86813df29511edde30ab4ccefe83b3c20a6ea611a,2.364826610596099e-06,7.0944796596804466e-06,True,,0.0,0.0,0.0,1.5707963267948966,7.094480107802124e-06,0.9999999368351633,2.786481548243357e-20,254603503983470.56,7094479.659680447,0.0,1.5707963267948966,0.9999999880733803,1.6721918510987683e-06,0.9999999880733803,1.6721918510987683e-06,0.9999999879461978,-3.344362885294519e-06,0.9999999880309861,6.938967672571294e-12,-5.0165546763500735e-06,-0.7071067811865475,5.0165546763500735e-06,0.7071067811865475,0.0,0.0
B,7,1cca2cb362644eb80f1983d55613497b778b3f3d33a966374cb49aab5e4c6fcc,9.459306458167974e-07,2.8377918757864354e-06,True,,0.0,0.0,0.0,1.5707963267948966,2.8377920431208494e-06,0.9999999410335882,1.1145938853804536e-20,254603215844647.16,2837791.8757864353,0.0,1.5707963267948966,0.999999989240466,6.688809058142366e-07,0.999999989240466,6.688809058142366e-07,0.9999999892018917,-1.3377409947665625e-06,0.9999999892276078,6.9389539702604775e-12,-2.006621878964681e-06,-0.7071067811865475,2.006621878964681e-06,0.7071067811865475,0.0,0.0
B,8,eb07809b197adef6463ff7afffe245fd7991ce05c2eb496d79c934b17207af30,3.7837225890915604e-07,1.135116754597754e-06,True,,0.0,0.0,0.0,1.5707963267948966,1.13511681724834e-06,0.9999999448069266,4.4583881725570694e-21,254602495490364.12,1135116.754597754,0.0,1.5707963267948966,0.9999999903086821,2.675565264177464e-07,0.9999999903086821,2.675565264177464e-07,0.9999999902970427,-5.350922359786302e-07,0.9999999903048024,6.938952287558942e-12,-8.026487546145381e-07,-0.7071067811865476,8.026487546145381e-07,0.7071067811865476,0.0,0.0
