id,claim,manuscript_label,number,printed_page,source,proof_or_check,evidence_class,limitation,novelty_status
C01,Unchanged target and distinction from Paper I tower,sec:scope,1,1,HIERARCHY §1; CUBIC §11,Definition of function-field extension; Paper I preserved,Scope/definition,No genus transfer between different towers,No priority claim
C02,"Reversal, degree, reciprocal divisors and cancellations",prop:reciprocal,1.1,1,"HIERARCHY §§3.1,3.3","Direct reversal proof; hierarchy n=2,3,4 identity checks",Theorem and exact identities,Root resultant formula assumes a0 nonzero,No priority claim
C03,"Locks, parity, continuation sign and constants",prop:lock,1.2,2,HIERARCHY §§3.2-3.3,Local Taylor proof; hierarchy lock and cancellation checks,Theorem,Raw holes distinguished from reduced continuation,No priority claim
C04,"Wronskian pairing, odd local degree, Cayley normal form",eq:odd,1.14,3,"HIERARCHY §§2,3.4; MSW §2.1 Lemma 2",Invariant-field proof; hierarchy Wronskian checks,Standard structure and family derivation,Commuting automorphism is not deck transformation,No priority claim
C05,Real unit-circle behavior,eq:W_reversal,1.12,3,HIERARCHY §10,Conjugation plus reciprocity; no surviving zero/pole on unit circle,Exact argument,Complex circle is not real x domain,No priority claim
C06,Nonempty generic simple-branch locus in every degree,thm:generic,2.1,3,HIERARCHY §9,"Odd pole-pair insertion, implicit-function theorem, Riemann-Hurwitz count",Theorem/prose proof,Not machine-formalized; not inferred from numerics,No priority claim
C07,"Generic monodromy Sn, trivial deck and irreducible residual",eq:main,2.1,3,HIERARCHY §9,Connected transposition graph; centralizer and sheet stabilizer,Theorem/prose proof,Generic only; fixed unchanged target,No priority claim
C08,Generic Galois closure genus formula,eq:RH_general,2.4,5,HIERARCHY §9,Galois Riemann-Hurwitz with 2n-2 order-two inertia groups,Theorem,Does not apply unchanged to x-lift,No priority claim
C09,Quadratic rational partner and extended V4,eq:quadratic_partner,2.5,5,HIERARCHY §7; Paper I,Quadratic extension argument; explicit partner,Exact proof,Only C2 fixes F2 itself,No priority claim
C10,Cubic original-coordinate residual quadratic,eq:original_residual,3.6,7,HIERARCHY §4.2,hierarchy: cubic difference factorization,Exact symbolic identity,Degree-three domain; projective fibers,No priority claim
C11,Cubic cancellation and lower degree,eq:degree3,3.9,7,"HIERARCHY §§4.1,4.3",Homogeneous gcd argument; cubic resultant check,Exact classification,Constants excluded from cover statements,No priority claim
C12,Cubic discriminant correspondence is splitting field,eq:E,3.14,7,"HIERARCHY §§4.3,5.3; CUBIC §2",Remaining root from Vieta; residual discriminant checks,Exact algebra and field argument,Smooth normalization required,No priority claim
C13,Cubic critical/branch quartics and complete strata,tab:cubic_strata,2,14,HIERARCHY §§5.1-5.2,Discriminants; degree-three fiber count; Riemann-Hurwitz,Exact classification,Degree-three condition must be retained,No priority claim
C14,S3 action by translations and inversions,prop:torsion_action,3.1,8,CUBIC §4,Inertia/fixed-point argument; root incidence checks,Theorem,Origin chosen over complex numbers,No priority claim
C15,Birational Weierstrass model and invariants,eq:weierstrass_map,4.3,9,CUBIC §3,cubic: quartic to short Weierstrass; inverse; invariant checks,Exact identities,Affine excluded points filled projectively,No priority claim
C16,Explicit actual 3-torsion translation point,eq:P,4.6,10,CUBIC §4,"cubic: on-curve, doubling, division polynomial, incidence identification",Exact identities and action proof,Generator sign chooses cycle orientation,No priority claim
C17,Reciprocity selects commuting nonzero 2-torsion,eq:Q,4.8,10,CUBIC §5,Free simultaneous lift; 2-torsion coordinate and commuting action checks,Exact argument,Other lift differs; reciprocity does not fix target,No priority claim
C18,Explicit degree-three isogeny and kernel,eq:isogeny,4.9,10,CUBIC §6,Vandermonde fixed field; cubic isogeny substitution and invariance checks,Exact identities and field proof,E and E-prime are different curves,No priority claim
C19,"Normalized t, modular j-functions and h duality",eq:jh,4.19,11,"CUBIC §§3,8; Elkies §4 Eq80","cubic: normalized c4/Delta, j substitutions and duality",Exact identity; standard modular convention,Source/quotient orientation retained,No priority claim
C20,Complete coarse X0(3) and X0(6) classification,prop:moduli,4.1,12,CUBIC §8,Kummer converse; fixed-pair normalization; oriented-j gcd check,Theorem/prose plus symbolic proof,Independent source/target equivalence; generic coarse data,No priority claim
C21,Coefficient map dominates t-line and loses embedding data,eq:section,4.21,12,CUBIC §10,Explicit rational section; direct pqrs substitution,Exact identity,Real embeddings not classified by complex t,No priority claim
C22,Critical-value cross-ratio belongs to E-prime,eq:crossratio,4.22,12,CUBIC §7,Kummer branch field; Legendre and j checks,Exact argument,Ordering is extra data; algebraic square-root choices,No priority claim
C23,"Cyclic loci, rational partners and extended groups",eq:cyclic_loci,5.3,14,"HIERARCHY §§4.3,5.4; CUBIC §9",Residual square factor; cyclic conjugacy; group relations,Exact classification,Not all partners real; degree-three condition,No priority claim
C24,Nodal S3 boundary versus split cyclic specialization,eq:degenerate_square,5.6,15,CUBIC §9,Factored quartics; normalization/ramification arguments,Exact identities and geometric interpretation,Specializing closure differs from closure of specialization,No priority claim
C25,Four modular cusps and ramification of h/j,eq:h_ramification,5.8,15,"CUBIC §§8.3,9","Derivative, discriminant orders, nonzero c4 after rescaling",Exact parameter facts; standard multiplicative interpretation,No exhaustive coefficient-intersection path census,No priority claim
C26,"Quartic formulas, generic S4 and genus 13",eq:quartic_genus,5.17,16,HIERARCHY §6,"hierarchy: quartic resultant/Wronskian, exact witness; general theorem",Theorem and exact identities,No exhaustive exceptional census,No priority claim
C27,Selected quartic decomposable/C4/V4 examples,sec:quartic,5.4,15,HIERARCHY §6.3,hierarchy: explicit exceptional identities,Exact examples,Assume uncanceled degree four,No priority claim
C28,Squaring lift ramification and real x restriction,sec:x_lift,5.5,17,HIERARCHY §10; CUBIC §10,Local degree multiplication and branch count,Exact argument,No monodromy/genus claim for lifted closure,No priority claim
C29,Real genus-one torsor caveat,eq:real_torsor,5.19,17,CUBIC §10,Negative quartic for t=2 including infinity,Exact counterexample,Complex birational model need not be real,No priority claim
C30,Exact finite patch S3 equivalence,eq:finite_bridge,6.5,18,CUBIC §12; PATCH §§2-3.1,"cubic: actual matrices, patch action, finite bijection checks",Exact finite incidence equivalence,Chosen labels; distinguish left/right regular actions,No priority claim
C31,Fixed shell and scaffold candidate audit,eq:scaffold,6.7,19,"PATCH §2; SCAFFOLD lines172-266,339-342; SCAFFOLD_PROOF §6",bridge: geometric ratio checks; source-definition review,Bounded source comparison,Variable scaffold separate from fixed shell; no fitted scalar,No priority claim
C32,Registration and readout candidate audit,eq:registration,6.8,19,"PATCH §§3.3-3.4,7; Z_READOUT lines91-151,226-260",Source-definition review; bridge cubic-readout counterexample,Bounded source comparison,No inferred attachment or elliptic structure,No priority claim
C33,"Boundary, transfer and operating-profile audit",eq:lens,6.9,20,"BOUNDARY lines1-105; SRG lines21-94,122 onward; OPERATING",bridge: lens derivative/endpoints; source-definition review,Bounded source comparison,No production imports or tests,No priority claim
C34,Finite bridge only; continuous data underdetermined,sec:bridge_result,6.4,20,This paper final bounded audit using C30-C33,All smooth t have same finite S3-set; no independent branch/isogeny definition,Source-limited conclusion,Not a universal impossibility theorem,No priority claim
C35,Symbolic and numerical verification status,app:evidence,A,22,Copied hierarchy/cubic scripts and JSON; bridge_results.json,51+73+10 exact checks; numerical records,Reproducible computation,Numerics not interval certificates; topology not formalized,No priority claim
