id,claim,manuscript_label,number,printed_page,historical_evidence,external_report,literature_keys,status,priority_status
C01,"Formula provenance, sign conflict and integer-pair conflict",sec:history,2,1,H1 pp.13–14; H2 pp.2–3 and code/CSV; H3 p.3 Eq.1; H4 p.1,R1 §1; R3 §1,"H1,H2,H3,H4","Documentary, not a mathematical theorem",Not assessed; no priority claim
C02,"Reciprocity, parity and exact plus/minus-one fibers",prop:levels,3.1,3,H1 Appendix C; H3 §2; M1,R3 §6,"H1,H3,M1",Exact proof,Not assessed; no priority claim
C03,"Zeros, poles, resultant, cancellation and real roots",prop:divisors,3.2,3,Corrects H1 p.14; H2 asymptote CSV,"R3 §§2,6–7","H1,H2",Exact proof,Not assessed; no priority claim
C04,Second involution and coherent normalized form,thm:normal,4.1,6,No historical attribution,R1 §§13–14; R3 §§3–4,,Exact proof,Not assessed; no priority claim
C05,Universal V4 Belyi quotient and fixed branch data,thm:belyi,5.1,6,No historical attribution,R1 §14; R2; R3 §4,"SV,KO",Exact proof; established species,Not assessed; no priority claim
C06,Lambda complete for labeled reduced geometry,sec:belyi,5,6,No historical attribution,R3 §5,,Exact proof with specified equivalence,Not assessed; no priority claim
C07,Real forms and fixed plotting restrictions,sec:real,6,8,H1 plots only,R3 §7; R4 §9,,Exact proof/domain statement,Not assessed; no priority claim
C08,Large-L limits and both matching overlaps,thm:matching,7.1,11,No historical attribution,R1 §§3–12,,"Exact proof, supported by numerical checks",Not assessed; no priority claim
C09,Finite-L origins of intermediate involutions and shoulders,eq:Rh,7.10,12,No historical attribution,R1 §§12–14,,Exact proof,Not assessed; no priority claim
C10,"Degree-eight map, branch data, and lift exceptions",thm:xcover,8.1,14,Original y=x^2 retained,"R3 §8; R4 §§2,7",,Exact proof,Not assessed; no priority claim
C11,"M0,5 coarse classification and four coefficient presentations",thm:moduli,9.1,15,No historical attribution,R4 §§1–5,Mnev,Exact proof within selected Hurwitz type,Not assessed; no priority claim
C12,"Covering type, stack distinction and intrinsic intermediate",sec:moduli,9,15,No historical attribution,R4 §§3–6,,Exact proof/definition distinction,Not assessed; no priority claim
C13,Degree-sixteen genus-one normal closure and monodromy,thm:galois,10.1,17,No historical attribution,"R4 §6; R5 §§1,6",,Exact proof and finite permutation check,Not assessed; no priority claim
C14,Stable target and admissible-cover boundaries,sec:boundary,11,19,No historical attribution,R4 §§7–8,"Braungardt,CMR",Exact parameter identities; standard compactification framework,Not assessed; no priority claim
C15,Edwards and explicit alternative elliptic models,sec:edwards,12,20,No historical attribution,R5 §§1–3,"Edwards,Morain,EFD",Exact birational identities; established models,Not assessed; no priority claim
C16,Translation group and two Kummer V4 actions,sec:group,13,22,No historical attribution,R5 §6,EFD,Exact proof using elliptic addition,Not assessed; no priority claim
C17,Nu as X0(4) coordinate and natural two-isogeny,thm:X04,14.1,23,No historical attribution,"R5 §§3,6","Sutherland,Morain",Exact completeness proof and isogeny,Not assessed; no priority claim
C18,Lambda as effective degree-sixteen orbit divisor,sec:divisor,15,24,No historical attribution,R5 §7,,Exact divisor and group argument,Not assessed; no priority claim
C19,"Original sphere, elliptic torus and revolution are different",sec:topology,16,25,H1/H4 toroidal language delimited,"R4 §6; R5 §§4,10","H1,H4",Theorem-level genus statement plus conditional revolution example,Not assessed; no priority claim
C20,Four historical invariant sets and CM conclusions,sec:examples,17,27,H1/H2 coefficient witnesses,R3 §9; R5 §8,DLR,"Exact for three CM rejections; pi,e CM unresolved",Not assessed; no priority claim
C21,Reduced chain quotient and bounded negative dictionary,sec:physics,18,29,Historical physical claims not assumed,R2; R3 §10,Tong,Exact reduced identity; no independently selected full observable established,Not assessed; no priority claim
C22,No novelty or priority claim in this edition,sec:lessons,19,31,Distinguishes reconstruction from historical intuition,"All reports, synthesized",,Editorial scope; dedicated audit pending,Not assessed; no priority claim
